Blog Title,Blog Date,Blog Image URL,Likes Count
"Maximize Your Hotel’s Exposure with Google AdSense’s New ""Related Search"" Feature in Auto Ads","October 20, 2023",https://rategaincom.wpenginepowered.com/wp-content/uploads/2023/10/Google-AdSenses-New-Related-Search-Feature-in-Auto-Ads.png,12 likes
Beyond Reach & Frequency: Hotels' New Era with Facebook's 'Reservation' Buying Type,"October 12, 2023",https://rategaincom.wpenginepowered.com/wp-content/uploads/2023/10/Transforming-with-Facebooks-Reservation-BUYING-Strategy.png,5 likes
Managing Overbookings and Cancellations with Hotel Booking Engines,"October 5, 2023",https://rategaincom.wpenginepowered.com/wp-content/uploads/2023/10/Overbookings-Cancellations-Not-a-Problem-with-Modern-Hotel-Booking-Engines.png,3 likes
Global Distribution System (GDS) vs. Channel Manager: Which is Right for Your Hotel,"October 1, 2023",https://rategaincom.wpenginepowered.com/wp-content/uploads/2023/10/Hotel-Distribution-Done-Right-Choosing-between-GDS-and-Channel-Manager.png,4 likes
Jingle All the Way: Europe Christmas Travel Trends,"September 28, 2023",https://rategaincom.wpenginepowered.com/wp-content/uploads/2023/10/Europe-Christmas-Travel-Trends.jpg,2 likes
Why Bing Hotel Ads Should Be in Your Marketing Mix,"September 28, 2023",https://rategaincom.wpenginepowered.com/wp-content/uploads/2023/09/Bing-Hotel-Ads-Your-Hotels-Secret-Revenue-Booster.png,3 likes
Unraveling the Alchemy: Year-End Travel Trends in Singapore,"September 26, 2023",https://rategaincom.wpenginepowered.com/wp-content/uploads/2023/10/Singapores-Secret-Recipe-for-Year-End-Travel-Success.png,1 like
Year-End U.S. Domestic Travel Insights: A Revenue Manager's Guide to Success,"September 25, 2023",https://rategaincom.wpenginepowered.com/wp-content/uploads/2023/10/Is-U.S.A.-expecting-a-Domestic-Travel-Boom-this-year-end.png,2 likes
Unlocking Top Travel Destinations in Egypt: A Hotelier's Playbook,"September 25, 2023",https://rategaincom.wpenginepowered.com/wp-content/uploads/2023/09/Unlocking-Top-Travel-Destinations-in-Egypt-A-Hoteliers-Playbook.jpg,2 likes
Shaping Success in Egypt's Dynamic Hospitality Landscape: A Roadmap for Hoteliers,"September 22, 2023",https://rategaincom.wpenginepowered.com/wp-content/uploads/2023/09/Shaping-Success-in-Egypts-Dynamic-Hospitality-Landscape.jpg,1 like
Checking In to a Greener Future: Renewable Energy in Hotels,"September 15, 2023",https://rategaincom.wpenginepowered.com/wp-content/uploads/2023/09/Powering-Hospitality-How-Renewable-Energy-Is-Reshaping-Hotels.png,0 likes
Sustaining Communities: The Role of Travel Sellers in Sustainable Tourism,"September 14, 2023",https://rategaincom.wpenginepowered.com/wp-content/uploads/2023/09/How-Travel-Sellers-Support-Local-Economies.png,0 likes
Flowing Towards Sustainability: Water Conservation in Hotels,"September 11, 2023",https://rategaincom.wpenginepowered.com/wp-content/uploads/2023/09/Drip-by-Drip-How-Hotels-Are-Leading-the-Way-in-Water-Conservation.png,1 like
Eco-Friendly Practices in Vacation Rentals: A Win-Win for Guests and the Environment,"September 10, 2023",https://rategaincom.wpenginepowered.com/wp-content/uploads/2023/09/Eco-friendly-practices-in-Vacation-Rentals.png,0 likes
Zero-Waste Travel: A Sustainable Path to Explore the World,"September 9, 2023",https://rategaincom.wpenginepowered.com/wp-content/uploads/2023/09/Trash-to-Treasures-Zero-Waste-Travelers-Handbook.png,0 likes
Building a Greener Future: Sustainable Supply Chain Management in Hotels,"September 8, 2023",https://rategaincom.wpenginepowered.com/wp-content/uploads/2023/09/Hotel-Sustainable-Supply-Chain-Strategies.png,0 likes
Airline Sustainability Initiatives: How Airlines are Going Green,"September 7, 2023",https://rategaincom.wpenginepowered.com/wp-content/uploads/2023/09/Airlines-Sustainable-Innovations.png,0 likes
Exploring Eco-Tourism: Where Nature Meets Responsible Travel,"September 6, 2023",https://rategaincom.wpenginepowered.com/wp-content/uploads/2023/09/Embrace-Eco-Tourism-Your-Passport-to-Sustainable-Wanderlust.png,0 likes
Measuring and Reporting Sustainability Impact: Metrics for Hotels and Travel Sellers,"September 6, 2023",https://rategaincom.wpenginepowered.com/wp-content/uploads/2023/09/Measuring-and-Reporting-Sustainability-Impact.png,0 likes
Reducing Carbon Footprint: Sustainable Practices for Tour Operators,"September 5, 2023",https://rategaincom.wpenginepowered.com/wp-content/uploads/2023/09/Sustainable-Practices-for-Tour-Operators.png,1 like
Preserving Paradise: Biodiversity Conservation in Travel,"September 4, 2023",https://rategaincom.wpenginepowered.com/wp-content/uploads/2023/09/Wings-and-Wonders-Biodiversity-Conservation-in-Tourism.png,0 likes
"How Green is your Hotel? Do Good and Show it to the World – on Google, for Example","September 3, 2023",https://rategaincom.wpenginepowered.com/wp-content/uploads/2023/09/Green-Hotel-Badge-for-Sustainable-Accommodations.png,1 like
The Digital Evolution of UK Hospitality: A Historic Journey From Keys to Clicks,"September 1, 2023",https://rategaincom.wpenginepowered.com/wp-content/uploads/2023/09/Evolution-of-UK-Hospitality.png,1 like
Driving Green: The Future of Sustainable Car Rentals,"September 1, 2023",https://rategaincom.wpenginepowered.com/wp-content/uploads/2023/10/Driving-Green-The-Future-of-Sustainable-Car-Rentals.png,0 likes
Taste the Future: Sustainable Food Practices in Hotels and Restaurants,"September 1, 2023",https://rategaincom.wpenginepowered.com/wp-content/uploads/2023/09/Taste-the-Future-Sustainable-Food-Practices-in-Hospitality.png,0 likes
The Heart of Travel: DMOs and Their Impact on Local Economies,"September 1, 2023",https://rategaincom.wpenginepowered.com/wp-content/uploads/2023/10/The-DMO-Effect-Enhancing-Tourisms-Role-in-Local-Economies.png,0 likes
Exploring India's Travel Resurgence: From G20 Summit to Cricket Hype Amidst a High-Demand Festive Season,"August 31, 2023",https://rategaincom.wpenginepowered.com/wp-content/uploads/2023/08/The-World-is-Coming-to-India-this-Winter-Season.png,2 likes
Social Media Meets Google Business Profile: Here's Why You Should Care,"August 21, 2023",https://rategaincom.wpenginepowered.com/wp-content/uploads/2023/08/Your-Hotels-Social-Media-Just-Got-Google-fied-Google-Business-Profile.webp,1 like
Connect the Dots: Decoding Common Hotel System Connectivity Challenges,"August 18, 2023",https://rategaincom.wpenginepowered.com/wp-content/uploads/2023/08/The-Hidden-Costs-of-Poor-Hotel-System-Connectivity.png,1 like
GA4's New User Data Export to BigQuery: Your Key to Hyper-Personalized Hotel Marketing,"August 17, 2023",https://rategaincom.wpenginepowered.com/wp-content/uploads/2023/08/Google-Analytics-4-Rolls-Out-New-User-Data-Export-To-BigQuery.webp,1 like
How AI and Machine Learning are Shaping Hotel Search Engines,"August 16, 2023",https://rategaincom.wpenginepowered.com/wp-content/uploads/2023/08/Role-of-AI-Ml-in-Hotel-Search-Engines.webp,1 like
Unpacking Global DE&I Pillars: A Strategy for Inclusivity,"August 16, 2023",https://rategaincom.wpenginepowered.com/wp-content/uploads/2023/08/DE-I-RG.webp,1 like
"The Evolution of Hotel Search Engines: Past, Present, and Future","August 15, 2023",https://rategaincom.wpenginepowered.com/wp-content/uploads/2023/08/evolution-of-hotel-search-engines.webp,1 like
From Green Revolution to Space Exploration: 75 Innovations Propelling India Beyond 75,"August 14, 2023",https://rategaincom.wpenginepowered.com/wp-content/uploads/2023/08/India-beyond-75.webp,1 like
Going Green: How Hotel Search Engines are Championing the Cause of Sustainable Travel,"August 10, 2023",https://rategaincom.wpenginepowered.com/wp-content/uploads/2023/08/How-Hotel-Search-Engines-are-Supporting-Sustainable-Travel.webp,1 like
Get Noticed: The Smart Hotelier's Guide to Google's Filtered Search Carousel,"August 9, 2023",https://rategaincom.wpenginepowered.com/wp-content/uploads/2023/08/Google_s-New-Hotel-Search-Carousel.webp,1 like
Understanding the Mechanics of Hotel Search Engines,"August 9, 2023",https://rategaincom.wpenginepowered.com/wp-content/uploads/2023/08/Understanding-the-Mechanics-of-Hotel-Search-Engines.webp,1 like
Hospitality in the Digital Age: Software Breakthroughs and What's Next,"August 8, 2023",https://rategaincom.wpenginepowered.com/wp-content/uploads/2023/08/Hospitality-in-the-Digital-Age-Softwares-for-Hotel-Success.webp,1 like
Gaining a Competitive Edge at Every Stage of the Traveler Journey,"August 4, 2023",https://rategaincom.wpenginepowered.com/wp-content/uploads/2023/08/The-Heart-of-Hospitality-A-Guide-to-Outshine-Competitors-at-Every-Traveler-Touchpoint.webp,1 like
Elevate Your Hotel's Performance with Revenue Management Analytics,"August 4, 2023",https://rategaincom.wpenginepowered.com/wp-content/uploads/2023/08/Fine-Tuning-Your-Hotels-Strategy-The-Art-of-Revenue-Management-Analytics.webp,1 like
How Hotels Can Stay Ahead in the Dynamic Hospitality Industry,"August 4, 2023",https://rategaincom.wpenginepowered.com/wp-content/uploads/2023/08/How-Hotels-Can-Stay-Ahead-in-Dynamic-Hospitality-Industry.webp,1 like
What is Hospitality Management? Why is it Important?,"August 1, 2023",https://rategaincom.wpenginepowered.com/wp-content/uploads/2023/08/Hospitality-Management-Unraveled-Journey-of-Experiences.png,0 likes
Has 'The Swiftie Fever' Opened New Travel Avenues In the U.S.,"August 1, 2023",https://rategaincom.wpenginepowered.com/wp-content/uploads/2023/08/Has-_The-Swiftie-Fever_-Opened-New-Travel-Avenues-In-the-U.S.webp,0 likes
How to Make Technology Partnerships Successful for Hotels,"July 21, 2023",https://rategaincom.wpenginepowered.com/wp-content/uploads/2023/07/Strategies-to-Succeed-with-Technological-Partnerships-in-Hospitality.webp,0 likes
AI and Machine Learning – Who Will Lead the Change and What Will it Look Like?,"July 20, 2023",https://rategaincom.wpenginepowered.com/wp-content/uploads/2023/07/AI-Machine-Learning-Who-Will-Lead-the-Change.webp,0 likes
Large Hotel Chains Can Move Fast Too: 10 Ideas To Implement Today,"July 18, 2023",https://rategaincom.wpenginepowered.com/wp-content/uploads/2023/07/Strategies-for-Big-Hotel-Chains-to-Stay-Ahead.webp,0 likes
The Basics of Distribution for Hotel Chains,"July 18, 2023",https://rategaincom.wpenginepowered.com/wp-content/uploads/2023/07/Mastering-the-Distribution-Game-for-Big-Hotel-Chains.png,0 likes
Supercharging Hotel Bookings: The Game-Changing Benefits of Metasearch Marketing,"July 18, 2023",https://rategaincom.wpenginepowered.com/wp-content/uploads/2023/07/The-Game-Changing-Benefits-of-Metasearch-Marketing.webp,0 likes
The Tech-Stack Needed by OTAs to Scale Your BI Capabilities,"July 17, 2023",https://rategaincom.wpenginepowered.com/wp-content/uploads/2023/07/Techology-Stack-Needed-by-OTAs.webp,0 likes
The Future of Rate Parity in the Hospitality Industry,"July 17, 2023",https://rategaincom.wpenginepowered.com/wp-content/uploads/2023/07/The-Future-of-rate-parity-in-hospitality.webp,0 likes
How Hotel Pricing is Going to Change in the Age of AI,"July 12, 2023",https://rategaincom.wpenginepowered.com/wp-content/uploads/2023/07/HOW-PRICING-WILL-CHANGE-IN-the-AGE-OF-AI.webp,0 likes
Leveraging Instagram Threads for the Travel and Hospitality Industry,"July 10, 2023",https://rategaincom.wpenginepowered.com/wp-content/uploads/2023/07/Leveraging-Instagram-Threads-for-the-Travel-and-Hospitality-Industry.webp,0 likes
Calling All Hoteliers: Unleash the Power of GA4 for Optimal Performance,"July 7, 2023",https://rategaincom.wpenginepowered.com/wp-content/uploads/2023/07/GA4.webp,1 like
Green Gold: Sustainable Hotels Shaping Profitable and Responsible Hospitality,"July 3, 2023",https://rategaincom.wpenginepowered.com/wp-content/uploads/2023/07/Sustainable-Hotels.webp,1 like
